<?xml version="1.0" encoding="UTF-8"?>
<project-private xmlns="http://www.netbeans.org/ns/project-private/1">
    <editor-bookmarks xmlns="http://www.netbeans.org/ns/editor-bookmarks/2" lastBookmarkId="0"/>
    <open-files xmlns="http://www.netbeans.org/ns/projectui-open-files/2">
        <group>
            <file>file:/C:/Users/damine/Documents/NetBeansProjects/Video%20FX%20Demo/src/tn/esprit/videofxdemo/Sample.java</file>
            <file>file:/C:/Users/damine/Documents/NetBeansProjects/Video%20FX%20Demo/src/tn/esprit/videofxdemo/AdvancedMedia.java</file>
            <file>file:/C:/Users/damine/Documents/NetBeansProjects/Video%20FX%20Demo/src/tn/esprit/videofxdemo/OverlayMediaPlayer.css</file>
            <file>file:/C:/Users/damine/Documents/NetBeansProjects/Video%20FX%20Demo/src/tn/esprit/videofxdemo/VideoFXDemo.java</file>
        </group>
    </open-files>
</project-private>
